{"Fx":0.45833333333333337,"Lb":0.7166666666666667,"ratioAccepted":0.2,"view":{"10":"[4, 5, 12, 11, 10, 13, 8]","6":"[4, 5, 5, 9, 8, 7, 0, 2]"},"rank":0,"crowdingDistance":0.0}