{"Fx":0.3933333333333333,"Lb":0.5866666666666667,"ratioAccepted":0.2,"view":{"10":"[9, 5, 5, 5, 12, 13, 10, 3, 1]","2":"[6, 4, 5, 5, 5, 2, 0]"},"rank":0,"crowdingDistance":0.0}