{"Fx":0.43833333333333335,"Lb":0.6766666666666667,"ratioAccepted":0.2,"view":{"6":"[3, 4, 5, 9, 8, 11, 10, 3, 4, 6, 4, 5, 2, 1]","7":"[10, 3, 1, 0, 2, 5, 12, 5, 4, 6, 7, 8, 11, 10, 3, 1, 2, 5]"},"rank":0,"crowdingDistance":0.0}