{"Fx":0.42499999999999993,"Lb":0.6499999999999999,"ratioAccepted":0.2,"view":{"4":"[20, 33, 41, 40, 28, 19, 5, 15, 20, 33, 43, 40, 46, 47, 46, 49, 56, 75, 72, 73, 77, 68, 63, 67, 62, 60, 58, 60, 62, 67, 74, 71, 81, 82, 84, 83, 85, 101, 102, 98, 94, 87]","5":"[3, 2, 1, 8, 7, 12, 17, 23, 29, 35, 36, 40, 46, 49, 56, 75, 78, 66, 68, 63, 67, 62, 65, 54, 57, 59, 64, 69, 80, 81, 71, 74, 83, 85, 87, 94, 98, 102, 101, 85, 83, 74, 67, 62, 65, 54, 57, 54, 65, 62, 60, 58, 55, 52, 50, 46, 40, 36, 35, 29, 23, 17, 9, 13, 32]"},"rank":0,"crowdingDistance":0.0}