{"Fx":0.44833333333333336,"Lb":0.6966666666666668,"ratioAccepted":0.2,"view":{"9":"[11, 12, 13, 8, 7, 6, 7, 0, 2, 5, 4, 3, 4, 5, 2, 1, 3, 4, 6, 7]","8":"[7, 8, 11, 10, 3, 4, 6, 4, 3, 1, 0, 7, 8]"},"rank":0,"crowdingDistance":0.0}