{"Fx":0.4066666666666666,"Lb":0.6133333333333333,"ratioAccepted":0.2,"view":{"10":"[8, 7, 0, 1, 2, 5, 5, 5, 12, 13, 10, 11]","5":"[7, 0, 2, 1, 3, 4, 5, 5, 12, 11, 8]"},"rank":0,"crowdingDistance":0.0}