{"Fx":0.42999999999999994,"Lb":0.6599999999999999,"ratioAccepted":0.2,"view":{"9":"[82, 84, 83, 74, 71, 81, 80, 69, 64, 59, 57, 54, 65, 62, 67, 63, 68, 77, 73, 77, 68, 63, 67, 74, 71, 81, 80, 69, 64, 59, 57, 54, 65, 62, 60, 58, 55, 52, 50, 46, 49, 56, 75, 78, 66, 68]","8":"[102, 101, 85, 83, 84, 82, 81, 80, 69, 64, 59, 57, 54, 65, 62, 60, 58, 55, 52, 50, 46, 40, 43, 33, 20, 15, 10]"},"rank":0,"crowdingDistance":0.0}