{"Fx":0.44833333333333336,"Lb":0.6966666666666667,"ratioAccepted":0.2,"view":{"5":"[3, 9, 17, 23, 29, 35, 26, 21, 30, 37, 40, 46, 50, 52, 55, 58, 60, 62, 65, 62, 67, 74, 83, 85, 87, 94, 98, 102, 101, 85, 83, 84, 82, 81, 71, 74, 67, 62, 65, 54, 57, 54, 65, 62, 67, 63, 68, 66, 78, 75, 56, 49, 46, 40, 36, 35, 29, 23, 17, 9, 13, 32]","8":"[35, 36, 40, 37, 30, 21, 26, 35, 36, 40, 46, 50, 52, 55, 58, 60, 62, 67, 74, 83, 85]"},"rank":0,"crowdingDistance":0.0}