{"Fx":0.44333333333333336,"Lb":0.6866666666666666,"ratioAccepted":0.2,"view":{"3":"[1, 2, 5, 5, 4, 6]","1":"[3, 10, 13, 12, 5, 5, 5, 9, 8, 7]"},"rank":0,"crowdingDistance":0.0}