{"Fx":0.46166666666666667,"Lb":0.7233333333333334,"ratioAccepted":0.2,"view":{"3":"[2, 0, 7, 6, 4, 5, 12, 5, 4, 3, 10, 13, 8, 9, 5, 4, 3]","7":"[5, 12, 13, 10, 3, 4, 6, 7, 0, 1, 2, 5, 9, 5, 4, 3, 1, 0, 2]"},"rank":0,"crowdingDistance":0.0}