{"Fx":0.46333333333333326,"Lb":0.7266666666666666,"ratioAccepted":0.2,"view":{"1":"[3, 4, 5, 5, 5, 2, 0, 7]","5":"[13, 12, 5, 5, 9]"},"rank":0,"crowdingDistance":0.0}