{"Fx":0.4833333333333334,"Lb":0.7666666666666667,"ratioAccepted":0.2,"view":{"9":"[1, 2, 5, 12, 13, 10, 11, 8, 7, 0]","8":"[1, 3, 10, 13, 8, 7, 6, 7, 8, 11, 12, 5, 2, 1, 3, 10, 11, 12]"},"rank":0,"crowdingDistance":0.0}