{"Fx":0.43499999999999994,"Lb":0.6699999999999999,"ratioAccepted":0.2,"view":{"4":"[70, 86, 70, 76, 79, 69, 80, 81, 71, 74, 83, 85, 101, 102, 98, 94, 87, 85, 83, 84, 82, 81, 80, 69, 79, 86, 93]","10":"[77, 68, 63, 67, 62, 65, 54, 57, 59, 64, 69, 80, 81, 71, 74, 83, 85, 83, 74, 67, 63, 68, 66, 78, 75, 56, 49, 46, 50, 52, 55, 58, 60, 62, 65, 45, 34, 48, 53, 54, 57, 59, 64, 69, 80, 81, 82, 84, 83, 74, 67, 63, 68, 66, 78, 75, 56, 49, 46, 50, 52, 55, 58, 60, 62, 65, 45, 34]"},"rank":0,"crowdingDistance":0.0}