{"Fx":0.3983333333333333,"Lb":0.5966666666666667,"ratioAccepted":0.2,"view":{"10":"[9, 5, 5, 5, 12, 13, 10, 3, 1]","9":"[0, 2, 1, 3, 4, 5, 2, 1, 3, 4, 6, 7]"},"rank":0,"crowdingDistance":0.0}