{"Fx":0.4716666666666667,"Lb":0.7433333333333334,"ratioAccepted":0.2,"view":{"8":"[8, 9, 8, 11, 12, 5]","7":"[3, 10, 13, 8, 7, 6, 7, 8, 13, 8, 7, 6, 4]"},"rank":0,"crowdingDistance":0.0}