{"Fx":0.3916666666666666,"Lb":0.5833333333333333,"ratioAccepted":0.2,"view":{"5":"[7, 6, 4, 3, 1, 2, 5, 5, 9, 8]","10":"[8, 9, 5, 5, 5, 2, 0, 7, 8, 11]"},"rank":0,"crowdingDistance":0.0}