{"Fx":0.46333333333333326,"Lb":0.7266666666666666,"ratioAccepted":0.2,"view":{"7":"[31, 32, 13, 9, 3, 2, 1, 8, 7, 12, 17, 23, 29, 35, 36, 40, 46, 49, 56, 75, 72, 73, 72, 75, 78, 66, 68, 63, 67, 62, 60, 58, 55, 52, 50, 46, 40, 41]","8":"[37, 30, 21, 26, 35, 36, 40, 46, 49, 56, 75, 72, 73, 77, 68, 63, 67, 62, 65, 61, 51, 61, 65, 45, 34, 48, 53, 54, 57, 59, 64, 69, 80, 81, 82, 84, 83, 74, 71, 81, 80, 69, 64, 59, 57, 54, 65, 62, 67, 74, 83, 85, 101, 102, 98, 94, 87, 85, 83, 74, 67, 62, 60, 58, 55, 52, 50, 46, 40, 36, 35, 29, 23, 17, 18]"},"rank":0,"crowdingDistance":0.0}