{"Fx":0.37333333333333335,"Lb":0.6466666666666667,"ratioAccepted":0.1,"view":{"3":"[2, 5, 9, 8, 7, 6, 7, 8, 11, 8, 13, 10]"},"rank":0,"crowdingDistance":0.0}