{"Fx":0.41999999999999993,"Lb":0.6399999999999999,"ratioAccepted":0.2,"view":{"4":"[3, 10, 11, 12, 5, 2, 1, 0]","3":"[2, 5, 9, 8, 7, 6, 7, 8, 11, 8, 13, 10]"},"rank":0,"crowdingDistance":0.0}