{"Fx":0.5016666666666667,"Lb":0.8033333333333333,"ratioAccepted":0.2,"view":{"5":"[10, 15, 20, 33, 41, 40, 36, 35, 29, 38, 29, 35, 36, 40, 46, 49, 56, 75, 72, 73, 77, 68, 63, 67, 62, 60, 58, 55, 52, 50, 46]","8":"[83, 84, 82, 81, 80, 69, 79, 76, 70, 86, 79, 69, 80, 81, 71, 74, 67, 62, 60, 58, 55, 52, 50, 46, 40, 37, 30, 21]"},"rank":0,"crowdingDistance":0.0}