{"Fx":0.4149999999999999,"Lb":0.6299999999999999,"ratioAccepted":0.2,"view":{"8":"[1, 3, 4, 5, 12, 13, 10, 11, 8, 9, 5, 4, 6, 7, 0, 1, 2, 5]","6":"[3, 4, 5, 12, 11, 8, 7, 6, 4, 5, 9, 8, 13, 10, 3, 1, 2, 5, 4, 3, 10, 13, 12, 11, 8]"},"rank":0,"crowdingDistance":0.0}