{"Fx":0.4816666666666667,"Lb":0.7633333333333333,"ratioAccepted":0.2,"view":{"4":"[4, 5, 12, 11, 8, 13, 10]","10":"[11, 8, 7, 0, 2, 1, 2, 5, 9, 8, 7, 0, 2, 5, 9, 8, 7, 6]"},"rank":0,"crowdingDistance":0.0}