{"Fx":0.43499999999999994,"Lb":0.6699999999999999,"ratioAccepted":0.2,"view":{"6":"[3, 4, 5, 9, 8, 11, 8, 9, 5, 4, 6, 4, 5, 2, 0, 1]","7":"[10, 13, 12, 5, 9, 8, 13, 10, 11, 8, 13, 12, 5]"},"rank":0,"crowdingDistance":0.0}