{"Fx":0.46166666666666667,"Lb":0.7233333333333334,"ratioAccepted":0.2,"view":{"7":"[5, 4, 6, 4, 5, 12, 13, 8, 9, 8, 7, 6, 4, 5, 2]","3":"[2, 1, 3, 4, 5, 12, 5, 2, 1, 3, 10, 13, 12, 5, 2, 0, 1, 3]"},"rank":0,"crowdingDistance":0.0}