{"Fx":0.42833333333333334,"Lb":0.6566666666666667,"ratioAccepted":0.2,"view":{"1":"[3, 10, 11, 8, 13, 12, 5, 5, 5, 2, 1, 0, 7]","3":"[1, 3, 10, 11, 8, 9, 5, 5, 4, 6]"},"rank":0,"crowdingDistance":0.0}