{"Fx":0.4483333333333333,"Lb":0.7966666666666666,"ratioAccepted":0.1,"view":{"8":"[10, 11, 8, 7, 6, 7]"},"rank":0,"crowdingDistance":0.0}