{"Fx":0.4783333333333334,"Lb":0.7566666666666667,"ratioAccepted":0.2,"view":{"8":"[10, 11, 8, 7, 6, 7]","6":"[5, 9, 5, 2, 1]"},"rank":0,"crowdingDistance":0.0}