{"Fx":0.45166666666666666,"Lb":0.8033333333333333,"ratioAccepted":0.1,"view":{"6":"[3, 4, 6, 7, 0, 2, 5, 9, 8, 13, 12, 11, 10, 3, 4, 3, 10, 13, 8]"},"rank":0,"crowdingDistance":0.0}