{"Fx":0.4733333333333333,"Lb":0.7466666666666666,"ratioAccepted":0.2,"view":{"6":"[3, 1, 2, 0, 7, 8, 13, 8, 7, 6, 4, 5, 12, 11, 10, 13, 8]","4":"[6, 7, 0, 1, 3, 10, 13, 10, 11]"},"rank":0,"crowdingDistance":0.0}