{"Fx":0.5016666666666667,"Lb":0.8033333333333333,"ratioAccepted":0.2,"view":{"8":"[83, 84, 82, 81, 80, 69, 79, 76, 79, 69, 64, 59, 57, 54, 65, 62, 60, 58, 55, 52, 50, 46, 40, 36, 35, 26, 21]","5":"[10, 15, 20, 33, 41, 40, 37, 30, 21, 26, 35, 29, 38, 29, 35, 26, 21, 30, 37, 40, 46, 50, 52, 55, 58, 60, 62, 67, 63, 68, 77, 73, 72, 73, 72, 75, 56, 49, 46]"},"rank":0,"crowdingDistance":0.0}