{"Fx":0.44166666666666665,"Lb":0.6833333333333333,"ratioAccepted":0.2,"view":{"7":"[91, 75, 78, 66, 68, 63, 67, 74, 71, 81, 80, 69, 64, 59, 57, 54, 65, 62, 60, 58, 55, 52, 50, 46, 40, 36, 35, 36, 40, 46, 49, 56, 75, 72, 73, 77, 68, 63, 67, 62, 67, 74, 83, 84, 82, 81, 80, 69, 64, 59, 57, 54, 53]","4":"[70, 76, 79, 86, 79, 69, 80, 81, 82, 84, 83, 85, 101, 85, 83, 74, 67, 62, 65, 54, 57, 59, 64, 69, 79, 76, 70, 86, 93]"},"rank":0,"crowdingDistance":0.0}