{"Fx":0.46833333333333327,"Lb":0.7366666666666666,"ratioAccepted":0.2,"view":{"7":"[8, 11, 12, 13, 12, 11, 8, 9, 5]","10":"[4, 5, 2, 0, 7, 6, 4, 3, 10, 11, 12, 5]"},"rank":0,"crowdingDistance":0.0}