{"Fx":0.4149999999999999,"Lb":0.6299999999999999,"ratioAccepted":0.2,"view":{"5":"[2, 0, 7, 8, 9, 5, 4, 6, 7, 8, 11, 8, 13, 12, 11, 8, 7, 6, 4]","6":"[3, 1, 2, 5, 12, 11, 8, 13, 12, 5, 4, 6, 7, 8, 9, 5, 4, 3, 1]"},"rank":0,"crowdingDistance":0.0}