{"Fx":0.45666666666666667,"Lb":0.8133333333333334,"ratioAccepted":0.1,"view":{"10":"[4, 5, 12, 13, 8, 7, 6, 7, 0, 1, 3, 4, 5]"},"rank":0,"crowdingDistance":0.0}