{"Fx":0.4149999999999999,"Lb":0.6299999999999999,"ratioAccepted":0.2,"view":{"6":"[3, 1, 2, 5, 9, 8, 7, 6, 4, 5, 12, 13, 10, 3, 1, 2, 5, 4, 6, 7, 8]","8":"[1, 2, 5, 9, 8, 13, 10, 11, 12, 5, 4, 6, 7, 0, 1, 2, 5]"},"rank":0,"crowdingDistance":0.0}