{"Fx":0.4783333333333334,"Lb":0.7566666666666667,"ratioAccepted":0.2,"view":{"7":"[5, 12, 13, 8, 7, 6, 7, 0, 2, 5, 9, 8, 11, 12, 5, 2]","3":"[2, 5, 12, 5, 9, 8, 13, 8, 7, 0, 1, 3]"},"rank":0,"crowdingDistance":0.0}