{"Fx":0.43499999999999994,"Lb":0.6699999999999999,"ratioAccepted":0.2,"view":{"7":"[7, 0, 2, 5, 4, 6, 7, 0, 1, 2, 0, 7, 8, 11]","1":"[2, 5, 4, 6, 7, 8, 11, 10, 13, 12, 5, 9, 8, 11, 10, 13]"},"rank":0,"crowdingDistance":0.0}