{"Fx":0.45166666666666666,"Lb":0.7033333333333334,"ratioAccepted":0.2,"view":{"1":"[2, 5, 12, 13, 8, 7, 6, 7, 8, 9, 5, 12, 13, 8, 7, 6, 7, 8, 9, 5]","6":"[5, 2, 1, 3, 10, 11, 12, 11, 10, 3, 1]"},"rank":0,"crowdingDistance":0.0}