{"Fx":0.4066666666666666,"Lb":0.6133333333333333,"ratioAccepted":0.2,"view":{"5":"[7, 6, 4, 5, 5, 9, 8]","10":"[8, 9, 5, 5, 5, 12, 11]"},"rank":0,"crowdingDistance":0.0}