{"Fx":0.44333333333333336,"Lb":0.6866666666666668,"ratioAccepted":0.2,"view":{"3":"[10, 3, 1, 2, 5, 12, 11, 8, 13]","7":"[7, 0, 2, 5, 4, 3, 1, 3, 10, 13, 8, 11]"},"rank":0,"crowdingDistance":0.0}