{"Fx":0.43999999999999995,"Lb":0.6799999999999999,"ratioAccepted":0.2,"view":{"6":"[3, 4, 5, 2, 0, 7, 0, 1, 3, 10, 13, 8, 11, 10, 3, 4, 5, 2, 0, 7, 8]","8":"[1, 2, 0, 7, 8, 13, 8, 9, 5, 4, 6, 7, 8, 9, 5]"},"rank":0,"crowdingDistance":0.0}