{"Fx":0.4766666666666667,"Lb":0.7533333333333333,"ratioAccepted":0.2,"view":{"3":"[54, 57, 59, 64, 69, 79, 86, 70, 86, 79, 69, 80, 81, 71, 74, 67, 62, 60, 58, 55, 52, 50, 46, 49, 42, 49, 56, 75, 72, 73, 77, 68, 63, 67, 74, 83, 84, 82, 81, 71, 81, 80, 69, 64, 59, 57, 54, 53, 48, 34, 45, 65, 62, 60, 58, 55, 52, 50]","7":"[28, 40, 46, 49, 56, 75, 78, 66, 68, 77, 73, 77, 68, 63, 67, 74, 71, 81, 80, 69, 64, 59, 57, 54, 65, 62, 60, 58, 55, 52, 50, 46, 40, 36, 35, 29, 23]"},"rank":0,"crowdingDistance":0.0}