{"Fx":0.4833333333333334,"Lb":0.7666666666666667,"ratioAccepted":0.2,"view":{"8":"[3, 4, 5, 12, 11, 8, 11, 10]","10":"[6, 7, 8, 9, 5, 4, 3, 1, 1, 2, 0, 7, 8, 9]"},"rank":0,"crowdingDistance":0.0}