{"Fx":0.42833333333333334,"Lb":0.6566666666666667,"ratioAccepted":0.2,"view":{"3":"[1, 2, 0, 7, 6, 4, 5, 5, 12, 11, 10, 3, 4, 6]","1":"[3, 10, 13, 8, 9, 5, 5, 5, 2, 1, 0, 7]"},"rank":0,"crowdingDistance":0.0}