{"Fx":0.4983333333333333,"Lb":0.7966666666666666,"ratioAccepted":0.2,"view":{"8":"[8, 7, 0, 2, 5, 9, 8, 13, 10, 11, 12, 5]","7":"[3, 10, 11, 8, 7, 6, 4, 5, 12, 13, 10, 3, 1, 2, 5, 4]"},"rank":0,"crowdingDistance":0.0}