{"Fx":0.42833333333333334,"Lb":0.6566666666666667,"ratioAccepted":0.2,"view":{"3":"[1, 2, 5, 5, 9, 8, 7, 6]","1":"[3, 10, 13, 8, 11, 12, 5, 5, 5, 4, 6, 7]"},"rank":0,"crowdingDistance":0.0}