{"Fx":0.43166666666666664,"Lb":0.6633333333333333,"ratioAccepted":0.2,"view":{"9":"[0, 7, 6, 4, 5, 4, 3, 1, 2, 0, 7]","4":"[2, 0, 7, 8, 9, 5, 5, 12, 11, 10, 3, 1]"},"rank":0,"crowdingDistance":0.0}