{"Fx":0.43666666666666665,"Lb":0.6733333333333333,"ratioAccepted":0.2,"view":{"5":"[13, 12, 11, 8, 9, 5, 5, 12, 11, 10, 13, 8, 9]","1":"[3, 4, 6, 7, 0, 2, 5, 5, 5, 2, 0, 7]"},"rank":0,"crowdingDistance":0.0}