{"Fx":0.44166666666666665,"Lb":0.6833333333333333,"ratioAccepted":0.2,"view":{"2":"[4, 5, 12, 13, 8, 9, 5, 12, 11, 8, 13, 8, 9, 5, 4, 6, 7, 0, 2, 5, 12, 13, 8]","3":"[10, 11, 12, 5, 4, 6, 4, 5, 12, 11, 10, 13, 8, 7, 6, 4, 5]"},"rank":0,"crowdingDistance":0.0}