{"Fx":0.43166666666666664,"Lb":0.6633333333333333,"ratioAccepted":0.2,"view":{"8":"[62, 54, 46, 41, 40, 39, 38, 34, 31, 27, 24, 30, 33, 39, 40, 32, 28, 32, 40, 39, 38, 34, 31, 27, 24, 23, 26, 28, 25, 29, 36, 37, 35, 32, 40, 39]","5":"[47, 52, 53, 50, 49, 42, 38, 34, 31, 27, 22, 21, 17, 16, 18, 25, 28, 26, 23, 24, 30]"},"rank":0,"crowdingDistance":0.0}