{"Fx":0.5133333333333333,"Lb":0.8266666666666667,"ratioAccepted":0.2,"view":{"10":"[11, 10, 3, 1, 0, 1, 3, 10, 11, 8, 7, 6]","3":"[12, 5, 9, 8, 7, 0, 2]"},"rank":0,"crowdingDistance":0.0}