{"Fx":0.4883333333333334,"Lb":0.6766666666666667,"ratioAccepted":0.3,"view":{"3":"[10, 3, 1, 2, 5, 12, 11, 8, 13]","8":"[4, 3, 10, 11, 12, 13, 8, 8, 8, 7, 0, 2, 5, 12, 13]"},"rank":0,"crowdingDistance":0.0}