{"Fx":0.4966666666666667,"Lb":0.7933333333333333,"ratioAccepted":0.2,"view":{"3":"[54, 57, 59, 64, 69, 79, 76, 70, 86, 79, 69, 80, 81, 71, 74, 67, 63, 68, 66, 78, 75, 56, 49, 42, 49, 56, 75, 78, 66, 68, 63, 67, 74, 71, 81, 80, 69, 64, 59, 57, 54, 53, 48, 34, 45, 65, 62, 60, 58, 55, 52, 50]","2":"[0, 3, 9, 17, 23, 29, 35, 36, 40, 46, 49, 56, 75, 78, 66, 68, 63, 67, 62, 65, 45, 34, 48, 53, 54]"},"rank":0,"crowdingDistance":0.0}