{"Fx":0.45333333333333337,"Lb":0.7066666666666668,"ratioAccepted":0.2,"view":{"1":"[66, 62, 61, 41, 40, 32, 28, 25, 18, 18, 16, 24, 27, 31, 34, 38, 42, 51]","7":"[30, 24, 24, 24, 16, 11, 13, 3, 1, 4]"},"rank":0,"crowdingDistance":0.0}