{"Fx":0.44333333333333336,"Lb":0.6866666666666668,"ratioAccepted":0.2,"view":{"3":"[10, 13, 8, 9, 5, 4, 6, 7, 8, 13]","7":"[7, 8, 13, 12, 5, 9, 8, 7, 0, 1, 3, 4, 5, 12, 11]"},"rank":0,"crowdingDistance":0.0}