{"Fx":0.46333333333333326,"Lb":0.7266666666666666,"ratioAccepted":0.2,"view":{"2":"[3, 10, 11, 8, 7, 0, 1, 2, 5, 12, 11, 12, 13, 8, 7]","3":"[13, 10, 3, 1, 2, 0, 0, 2, 1]"},"rank":0,"crowdingDistance":0.0}