{"Fx":0.43499999999999994,"Lb":0.6699999999999999,"ratioAccepted":0.2,"view":{"7":"[10, 13, 12, 5, 4, 3, 10, 11, 10, 13, 8, 9, 5]","6":"[3, 4, 5, 9, 8, 11, 10, 13, 12, 5, 4, 6, 4, 5, 2, 1]"},"rank":0,"crowdingDistance":0.0}