{"Fx":0.44166666666666665,"Lb":0.6833333333333333,"ratioAccepted":0.2,"view":{"8":"[7, 8, 9, 5, 4, 6, 7, 0, 2, 5, 9, 8]","6":"[0, 7, 8, 9, 5, 4, 3, 4, 5, 9, 8, 13, 10]"},"rank":0,"crowdingDistance":0.0}