{"Fx":0.45166666666666666,"Lb":0.7033333333333334,"ratioAccepted":0.2,"view":{"1":"[11, 12, 5, 2, 0, 7, 8, 13, 10, 3, 1, 0, 2, 5, 12, 11, 8, 7, 6, 4, 3]","5":"[2, 1, 3, 4, 6, 7, 0, 2, 1, 2, 0, 7, 8, 13]"},"rank":0,"crowdingDistance":0.0}