{"Fx":0.4783333333333334,"Lb":0.7566666666666667,"ratioAccepted":0.2,"view":{"3":"[2, 5, 9, 8, 13, 12, 11, 10, 13, 10, 11, 12, 5, 4, 3]","7":"[5, 9, 8, 7, 6, 7, 8, 11, 12, 5, 9, 8, 11, 12, 5, 2]"},"rank":0,"crowdingDistance":0.0}