{"Fx":0.43333333333333335,"Lb":0.6666666666666667,"ratioAccepted":0.2,"view":{"1":"[2, 5, 12, 11, 8, 11, 10, 13, 12, 5, 4, 6, 7, 8, 7, 6, 4, 3, 10, 13]","7":"[7, 6, 4, 3, 1, 2, 5, 12, 13, 8, 7, 0, 1, 3, 10, 13, 12, 11]"},"rank":0,"crowdingDistance":0.0}