{"Fx":0.4033333333333333,"Lb":0.6066666666666667,"ratioAccepted":0.2,"view":{"1":"[2, 5, 12, 13, 8, 9, 5, 4, 3, 10, 11, 8, 7, 0, 1, 3, 10, 13]","7":"[7, 6, 4, 3, 1, 2, 5, 12, 11, 10, 3, 1, 3, 10, 13, 12, 11]"},"rank":0,"crowdingDistance":0.0}