{"Fx":0.46333333333333326,"Lb":0.7266666666666666,"ratioAccepted":0.2,"view":{"7":"[11, 8, 9, 5, 12, 13, 10, 11, 8, 9]","8":"[1, 0, 2, 5, 4, 6, 4, 3, 1, 0, 2, 0, 7, 6, 4, 5, 12]"},"rank":0,"crowdingDistance":0.0}