{"Fx":0.5066666666666667,"Lb":0.8133333333333334,"ratioAccepted":0.2,"view":{"2":"[84, 83, 85, 101, 102, 101, 85, 83, 74, 67, 62, 65, 54, 57, 59, 64, 69, 80, 81, 82, 81, 71, 74, 67, 62, 65, 45]","6":"[29, 38, 29, 35, 36, 40, 41, 33]"},"rank":0,"crowdingDistance":0.0}