{"Fx":0.4833333333333333,"Lb":0.7666666666666666,"ratioAccepted":0.2,"view":{"9":"[41, 40, 28, 19, 5, 15, 10, 16, 24, 25, 20, 33, 43, 40, 46, 50, 52, 55, 58, 60, 62, 67, 74, 83]","4":"[7, 8, 1, 2, 3, 0, 4, 6, 11, 14, 22, 31, 32, 13, 9, 17, 23, 29, 38, 29, 23, 17, 9, 13, 32, 31, 22, 14, 11, 6, 4, 0, 3, 2, 1, 8, 7, 12, 17, 23, 29, 35, 26, 21, 30, 37, 40, 46, 50, 52, 55, 58, 60, 62, 67, 74, 83, 85]"},"rank":0,"crowdingDistance":0.0}