{"Fx":0.45333333333333337,"Lb":0.7066666666666667,"ratioAccepted":0.2,"view":{"7":"[28, 19, 5, 15, 20, 33, 43, 40, 46, 49, 56, 75, 78, 66, 68, 77, 73, 77, 68, 63, 67, 62, 60, 58, 55, 52, 50, 46, 40, 37, 30, 21, 26, 35, 29, 23]","3":"[54, 65, 62, 67, 74, 83, 84, 82, 81, 80, 69, 79, 76, 70, 76, 79, 69, 80, 81, 71, 74, 67, 63, 68, 66, 78, 75, 56, 49, 42, 49, 46, 50, 52, 55, 58, 60, 62, 67, 74, 83, 84, 82, 81, 71, 81, 82, 84, 83, 74, 67, 62, 60, 58, 55, 52, 50]"},"rank":0,"crowdingDistance":0.0}