{"Fx":0.4733333333333333,"Lb":0.7466666666666666,"ratioAccepted":0.2,"view":{"4":"[6, 7, 8, 9, 5, 5, 12, 13, 10, 11]","3":"[7, 0, 1, 2, 5, 4]"},"rank":0,"crowdingDistance":0.0}