{"Fx":0.46333333333333326,"Lb":0.7266666666666666,"ratioAccepted":0.2,"view":{"8":"[37, 40, 46, 50, 52, 55, 58, 60, 62, 65, 61, 51, 61, 65, 62, 67, 74, 71, 74, 83, 85, 101, 102, 98, 94, 87, 85, 83, 74, 67, 62, 60, 58, 55, 52, 50, 46, 40, 36, 35, 29, 23, 17, 18]","7":"[31, 32, 13, 9, 17, 23, 29, 35, 36, 40, 46, 49, 56, 75, 72, 73, 72, 75, 56, 49, 46, 40, 43, 33, 41]"},"rank":0,"crowdingDistance":0.0}