{"Fx":0.4733333333333333,"Lb":0.7466666666666666,"ratioAccepted":0.2,"view":{"3":"[54, 57, 59, 64, 69, 79, 76, 70, 86, 79, 69, 80, 81, 82, 84, 83, 74, 67, 63, 68, 66, 78, 75, 56, 49, 42, 49, 46, 50, 52, 55, 58, 60, 62, 67, 74, 71, 81, 80, 69, 64, 59, 57, 54, 65, 62, 67, 63, 68, 66, 78, 75, 56, 49, 46, 50]","7":"[28, 19, 5, 15, 10, 16, 24, 25, 20, 33, 43, 40, 46, 49, 56, 75, 72, 73, 77, 68, 63, 67, 74, 83, 84, 82, 81, 80, 69, 64, 59, 57, 54, 65, 62, 60, 58, 55, 52, 50, 46, 40, 36, 35, 29, 23]"},"rank":0,"crowdingDistance":0.0}